ims_id,TRX_Qty,trgt_flg,cal_dt
104443,138.67,N,7/1/2012 0:00
113844,71.75,Y,8/1/2012 0:00
63845,67.34,Y,6/1/2012 0:00
674,68.28,N,6/1/2012 0:00
674,64.38,N,8/1/2012 0:00
12586,79.71,Y,1/1/2012 0:00
12586,79.36,Y,2/1/2012 0:00
12586,75.92,Y,3/1/2012 0:00
12586,167.53,Y,4/1/2012 0:00
12586,85.35,Y,5/1/2012 0:00
12586,81.12,Y,6/1/2012 0:00
12586,76.66,Y,7/1/2012 0:00
12586,79.87,Y,8/1/2012 0:00
12586,81.22,Y,9/1/2012 0:00
12586,78.35,Y,10/1/2012 0:00
12586,81.57,Y,11/1/2012 0:00
12586,144.8,Y,12/1/2012 0:00
12670,140.22,Y,1/1/2012 0:00
12670,266.11,Y,2/1/2012 0:00
12670,206.12,Y,3/1/2012 0:00
12670,147.13,Y,4/1/2012 0:00
12670,77.38,Y,5/1/2012 0:00
12670,218.64,Y,6/1/2012 0:00
12670,217.64,Y,7/1/2012 0:00
12670,210.66,Y,8/1/2012 0:00
12670,207.22,Y,9/1/2012 0:00
12670,329.01,Y,10/1/2012 0:00
12670,205.23,Y,11/1/2012 0:00
12670,143.24,Y,12/1/2012 0:00
12673,84.58,Y,6/1/2012 0:00
13388,70.88,Y,1/1/2012 0:00
13388,280.47,Y,2/1/2012 0:00
13388,275.34,Y,3/1/2012 0:00
13388,87.06,Y,4/1/2012 0:00
13388,133.14,Y,5/1/2012 0:00
13388,79.92,Y,6/1/2012 0:00
13388,74.15,Y,8/1/2012 0:00
13388,71.71,Y,9/1/2012 0:00
13388,74.22,Y,10/1/2012 0:00
13388,70.92,Y,11/1/2012 0:00
13388,0,Y,12/1/2012 0:00
13425,70.17,Y,6/1/2012 0:00
71769,32.12,Y,6/1/2012 0:00
71769,32.08,Y,7/1/2012 0:00
71769,64.39,Y,8/1/2012 0:00
36844,65.07,Y,1/1/2012 0:00
52305,147.71,Y,1/1/2012 0:00
52305,153.12,Y,3/1/2012 0:00
52305,155.93,Y,4/1/2012 0:00
52305,70.64,Y,5/1/2012 0:00
52305,147.53,Y,6/1/2012 0:00
52305,74.15,Y,7/1/2012 0:00
52305,70.32,Y,8/1/2012 0:00
52305,72.35,Y,9/1/2012 0:00
52305,141.17,Y,10/1/2012 0:00
52305,136.9,Y,11/1/2012 0:00
52305,139.1,Y,12/1/2012 0:00
98815,240.44,Y,1/1/2012 0:00
98815,190.93,Y,2/1/2012 0:00
98815,199.63,Y,3/1/2012 0:00
98815,61.49,Y,4/1/2012 0:00
98815,127.98,Y,5/1/2012 0:00
98815,188.91,Y,6/1/2012 0:00
98815,64,Y,7/1/2012 0:00
98815,125.86,Y,8/1/2012 0:00
98815,253.08,Y,9/1/2012 0:00
98815,121.72,Y,10/1/2012 0:00
98815,129.55,Y,11/1/2012 0:00
98815,126.6,Y,12/1/2012 0:00
206417,180.09,Y,1/1/2012 0:00
206417,62.18,Y,3/1/2012 0:00
206417,63.39,Y,5/1/2012 0:00
206417,180.07,Y,6/1/2012 0:00
206417,130.03,Y,7/1/2012 0:00
206417,64.03,Y,8/1/2012 0:00
206417,242.22,Y,9/1/2012 0:00
206417,0,Y,10/1/2012 0:00
206417,242.23,Y,11/1/2012 0:00
206417,63.8,Y,12/1/2012 0:00
206849,79.44,Y,5/1/2012 0:00
232060,63.07,Y,3/1/2012 0:00
232060,63.37,Y,4/1/2012 0:00
232060,65.16,Y,5/1/2012 0:00
232060,66.28,Y,6/1/2012 0:00
232060,62.52,Y,7/1/2012 0:00
232060,63.11,Y,8/1/2012 0:00
232060,63.66,Y,9/1/2012 0:00
232060,63.57,Y,10/1/2012 0:00
232060,94.12,Y,11/1/2012 0:00
232060,62.99,Y,12/1/2012 0:00
124072,0,N,9/1/2012 0:00
124072,0,N,10/1/2012 0:00
124072,107.16,N,11/1/2012 0:00
124072,0,N,12/1/2012 0:00
130322,130.41,N,7/1/2012 0:00
130357,0,N,9/1/2012 0:00
130357,0,N,10/1/2012 0:00
130357,95.85,N,11/1/2012 0:00
130357,94.07,N,12/1/2012 0:00
130672,64.86,N,12/1/2012 0:00
130741,0,N,9/1/2012 0:00
130741,0,N,10/1/2012 0:00
130741,70.3,N,11/1/2012 0:00
130741,35.45,N,12/1/2012 0:00
130803,0,Y,9/1/2012 0:00
130803,112.13,Y,10/1/2012 0:00
130803,0,Y,11/1/2012 0:00
130803,0,Y,12/1/2012 0:00
142994,111.92,N,1/1/2012 0:00
142994,113.32,N,5/1/2012 0:00
142994,122.97,N,6/1/2012 0:00
142994,121.02,N,7/1/2012 0:00
172643,71.57,Y,1/1/2012 0:00
172643,71.02,Y,2/1/2012 0:00
172643,73,Y,3/1/2012 0:00
175577,65.11,N,8/1/2012 0:00
177723,62.01,Y,3/1/2012 0:00
177723,68.38,Y,5/1/2012 0:00
177723,69.13,Y,6/1/2012 0:00
177723,61.47,Y,9/1/2012 0:00
177723,0,Y,10/1/2012 0:00
177723,0,Y,11/1/2012 0:00
404902,69.89,Y,1/1/2012 0:00
404902,69.61,Y,2/1/2012 0:00
404902,250.5,Y,3/1/2012 0:00
404902,68.16,Y,4/1/2012 0:00
404902,384.74,Y,5/1/2012 0:00
404902,70.79,Y,6/1/2012 0:00
404902,180.05,Y,7/1/2012 0:00
404902,180.09,Y,8/1/2012 0:00
404902,0,Y,9/1/2012 0:00
404902,180.09,Y,10/1/2012 0:00
404902,96.79,Y,11/1/2012 0:00
404902,97.72,Y,12/1/2012 0:00
407440,57.18,N,1/1/2012 0:00
389839,86.9,N,1/1/2012 0:00
389839,84.58,N,2/1/2012 0:00
390384,65.18,N,3/1/2012 0:00
390410,77.73,Y,4/1/2012 0:00
390463,67.28,Y,5/1/2012 0:00
390463,0,Y,9/1/2012 0:00
390463,32.82,Y,10/1/2012 0:00
390463,0,Y,11/1/2012 0:00
391229,209.49,Y,1/1/2012 0:00
391229,208.25,Y,2/1/2012 0:00
391229,69.68,Y,3/1/2012 0:00
391229,97.58,Y,5/1/2012 0:00
391229,105.28,Y,6/1/2012 0:00
391229,101.58,Y,7/1/2012 0:00
391229,99.17,Y,8/1/2012 0:00
391229,95.81,Y,9/1/2012 0:00
391229,154.87,Y,10/1/2012 0:00
391229,102,Y,11/1/2012 0:00
391229,94.79,Y,12/1/2012 0:00
391238,66.3,Y,2/1/2012 0:00
391238,132.07,Y,3/1/2012 0:00
391238,374.71,Y,4/1/2012 0:00
391238,119.4,Y,5/1/2012 0:00
489953,96.79,Y,5/1/2012 0:00
489953,85.04,Y,7/1/2012 0:00
489953,129.02,Y,8/1/2012 0:00
489953,0,Y,9/1/2012 0:00
489953,66.23,Y,10/1/2012 0:00
489953,98.07,Y,11/1/2012 0:00
489953,313.54,Y,12/1/2012 0:00
706495,71.66,N,12/1/2012 0:00
685058,117,Y,1/1/2012 0:00
685058,21.24,Y,5/1/2012 0:00
685058,179.1,Y,12/1/2012 0:00
685477,75.93,Y,1/1/2012 0:00
685477,76,Y,2/1/2012 0:00
685477,81.82,Y,3/1/2012 0:00
685477,81.93,Y,5/1/2012 0:00
685477,138.34,Y,8/1/2012 0:00
685477,0,Y,9/1/2012 0:00
685477,67.54,Y,10/1/2012 0:00
685477,68.16,Y,11/1/2012 0:00
685477,0,Y,12/1/2012 0:00
686449,80.55,Y,4/1/2012 0:00
686449,185.72,Y,12/1/2012 0:00
686459,100.35,Y,9/1/2012 0:00
686459,0,Y,10/1/2012 0:00
686459,124.04,Y,11/1/2012 0:00
686459,0,Y,12/1/2012 0:00
686466,69.27,N,1/1/2012 0:00
686466,69.71,N,3/1/2012 0:00
686466,72.65,N,4/1/2012 0:00
686466,72.87,N,5/1/2012 0:00
686466,75.88,N,6/1/2012 0:00
686466,70.91,N,8/1/2012 0:00
686466,0,N,9/1/2012 0:00
686466,71.81,N,10/1/2012 0:00
686466,125.4,N,11/1/2012 0:00
686466,71.69,N,12/1/2012 0:00
686514,0,N,9/1/2012 0:00
686514,0,N,10/1/2012 0:00
686514,80.07,N,11/1/2012 0:00
686514,0,N,12/1/2012 0:00
686516,182.23,N,3/1/2012 0:00
744804,63.59,N,6/1/2012 0:00
744804,122.13,N,9/1/2012 0:00
744804,63.09,N,10/1/2012 0:00
744804,61.92,N,11/1/2012 0:00
744804,0,N,12/1/2012 0:00
747442,72.15,N,3/1/2012 0:00
747471,148.11,Y,2/1/2012 0:00
747471,130.78,Y,3/1/2012 0:00
747471,67.97,Y,4/1/2012 0:00
747471,94.24,Y,5/1/2012 0:00
747471,69.01,Y,7/1/2012 0:00
747471,65.46,Y,8/1/2012 0:00
747471,0,Y,9/1/2012 0:00
747471,66.18,Y,10/1/2012 0:00
747471,0,Y,11/1/2012 0:00
747471,0,Y,12/1/2012 0:00
747637,84.17,Y,6/1/2012 0:00
747637,159.16,Y,8/1/2012 0:00
747637,63.96,Y,9/1/2012 0:00
747637,78.79,Y,10/1/2012 0:00
747637,77.1,Y,11/1/2012 0:00
747637,0,Y,12/1/2012 0:00
747870,74.02,Y,3/1/2012 0:00
748024,63.39,Y,4/1/2012 0:00
748024,65.19,Y,6/1/2012 0:00
748024,62.45,Y,8/1/2012 0:00
748024,119.88,Y,9/1/2012 0:00
748024,0,Y,10/1/2012 0:00
748024,0,Y,11/1/2012 0:00
748024,60.9,Y,12/1/2012 0:00
755866,68.36,Y,2/1/2012 0:00
755866,71.02,Y,4/1/2012 0:00
755866,72.48,Y,6/1/2012 0:00
755866,70.49,Y,9/1/2012 0:00
755866,0,Y,10/1/2012 0:00
755866,143.38,Y,11/1/2012 0:00
755866,0,Y,12/1/2012 0:00
718218,0,Y,9/1/2012 0:00
718218,0,Y,10/1/2012 0:00
718218,69.52,Y,11/1/2012 0:00
718218,0,Y,12/1/2012 0:00
720958,80.95,N,12/1/2012 0:00
723025,67.6,N,8/1/2012 0:00
723098,80.47,N,5/1/2012 0:00
723098,76.17,N,8/1/2012 0:00
723098,0,N,9/1/2012 0:00
723098,76.92,N,10/1/2012 0:00
723098,0,N,11/1/2012 0:00
723098,68.05,N,12/1/2012 0:00
723113,66.39,Y,6/1/2012 0:00
732670,84.17,Y,5/1/2012 0:00
732670,86.53,Y,6/1/2012 0:00
732670,88.02,Y,7/1/2012 0:00
732670,83.75,Y,8/1/2012 0:00
732670,77.72,Y,9/1/2012 0:00
732670,78.32,Y,10/1/2012 0:00
732670,134.83,Y,11/1/2012 0:00
732670,152.52,Y,12/1/2012 0:00
795981,77.82,Y,2/1/2012 0:00
795981,0,Y,12/1/2012 0:00
796443,98.82,N,1/1/2012 0:00
796443,94.11,N,2/1/2012 0:00
796443,119.2,N,3/1/2012 0:00
796443,142.39,N,6/1/2012 0:00
803799,68.13,Y,1/1/2012 0:00
803799,62.46,Y,5/1/2012 0:00
803799,61.78,Y,7/1/2012 0:00
803799,61.93,Y,8/1/2012 0:00
787080,65.18,Y,4/1/2012 0:00
787080,63.63,Y,5/1/2012 0:00
787080,130.29,Y,6/1/2012 0:00
787080,128.1,Y,7/1/2012 0:00
787080,30.95,Y,8/1/2012 0:00
787080,127.04,Y,9/1/2012 0:00
787080,128.41,Y,10/1/2012 0:00
787080,62.67,Y,11/1/2012 0:00
787080,62.41,Y,12/1/2012 0:00
813157,263.01,Y,1/1/2012 0:00
813157,33.19,Y,7/1/2012 0:00
813157,141.95,Y,8/1/2012 0:00
813157,0,Y,9/1/2012 0:00
813157,32.36,Y,10/1/2012 0:00
813157,76.21,Y,11/1/2012 0:00
813157,0,Y,12/1/2012 0:00
813951,65.39,Y,1/1/2012 0:00
813951,257.01,Y,3/1/2012 0:00
813951,60.79,Y,4/1/2012 0:00
813951,69.45,Y,5/1/2012 0:00
813951,264.2,Y,6/1/2012 0:00
813951,60.76,Y,7/1/2012 0:00
813951,60.62,Y,8/1/2012 0:00
813951,253.62,Y,9/1/2012 0:00
813951,127.38,Y,10/1/2012 0:00
813951,60.66,Y,11/1/2012 0:00
813951,503.41,Y,12/1/2012 0:00
815071,62.04,N,12/1/2012 0:00
857591,67.26,Y,1/1/2012 0:00
857591,72.49,Y,2/1/2012 0:00
857591,71.02,Y,3/1/2012 0:00
857591,72.88,Y,4/1/2012 0:00
857591,77.73,Y,5/1/2012 0:00
857591,75.58,Y,6/1/2012 0:00
857591,73.38,Y,7/1/2012 0:00
857591,72.75,Y,8/1/2012 0:00
857591,68.18,Y,9/1/2012 0:00
857591,71.02,Y,10/1/2012 0:00
857591,69.9,Y,11/1/2012 0:00
857591,69.16,Y,12/1/2012 0:00
1162648,131.97,Y,1/1/2012 0:00
1162648,72.29,Y,2/1/2012 0:00
1162648,74.02,Y,3/1/2012 0:00
1162648,257.12,Y,4/1/2012 0:00
1162648,81.99,Y,5/1/2012 0:00
1162648,164.29,Y,6/1/2012 0:00
1162648,80.01,Y,9/1/2012 0:00
1162648,0,Y,10/1/2012 0:00
1162648,0,Y,11/1/2012 0:00
1229979,42.26,N,9/1/2012 0:00
1229979,74.94,N,10/1/2012 0:00
1229979,78.92,N,11/1/2012 0:00
1229979,0,N,12/1/2012 0:00
1230124,70.03,Y,1/1/2012 0:00
1230124,205.78,Y,2/1/2012 0:00
1230124,254.67,Y,3/1/2012 0:00
1230124,153.11,Y,4/1/2012 0:00
1230124,258.94,Y,5/1/2012 0:00
1230124,229.83,Y,6/1/2012 0:00
1230124,189.56,Y,7/1/2012 0:00
1230124,104.44,Y,8/1/2012 0:00
1230124,173.63,Y,9/1/2012 0:00
1230124,97.65,Y,10/1/2012 0:00
1230124,220.47,Y,11/1/2012 0:00
1230124,114.62,Y,12/1/2012 0:00
1272680,75.15,Y,3/1/2012 0:00
1272680,81.59,Y,5/1/2012 0:00
1272680,74.69,Y,6/1/2012 0:00
1272680,69.82,Y,9/1/2012 0:00
1272680,0,Y,10/1/2012 0:00
1272680,0,Y,11/1/2012 0:00
1272680,72.45,Y,12/1/2012 0:00
1596606,0,N,9/1/2012 0:00
1596606,0,N,10/1/2012 0:00
1596606,68.8,N,11/1/2012 0:00
1596606,0,N,12/1/2012 0:00
1597171,145.17,Y,2/1/2012 0:00
1597171,69.19,Y,5/1/2012 0:00
1597171,66.99,Y,9/1/2012 0:00
1597171,0,Y,10/1/2012 0:00
1597171,0,Y,11/1/2012 0:00
1341267,75.34,Y,9/1/2012 0:00
1341267,0,Y,10/1/2012 0:00
1341267,0,Y,11/1/2012 0:00
1614153,62.82,Y,1/1/2012 0:00
1614153,63.46,Y,2/1/2012 0:00
1614153,62.68,Y,3/1/2012 0:00
1614153,63.66,Y,5/1/2012 0:00
1614153,128.37,Y,6/1/2012 0:00
1614153,62.37,Y,7/1/2012 0:00
1614153,190.65,Y,8/1/2012 0:00
1614153,62.36,Y,9/1/2012 0:00
1614153,127.32,Y,10/1/2012 0:00
1614153,188.79,Y,11/1/2012 0:00
1614153,126.64,Y,12/1/2012 0:00
1624052,73.27,Y,2/1/2012 0:00
1624052,70.2,Y,3/1/2012 0:00
1696565,62.54,N,8/1/2012 0:00
1696565,63.37,N,9/1/2012 0:00
1696565,63.39,N,10/1/2012 0:00
1696565,63.04,N,11/1/2012 0:00
1696565,0,N,12/1/2012 0:00
1592727,61.86,N,1/1/2012 0:00
1592727,66.18,N,7/1/2012 0:00
1569592,0,N,9/1/2012 0:00
1569592,74.83,N,10/1/2012 0:00
1569592,0,N,11/1/2012 0:00
1569592,0,N,12/1/2012 0:00
1571617,64.88,N,1/1/2012 0:00
1571617,71.92,N,7/1/2012 0:00
1572259,68.54,N,5/1/2012 0:00
1574120,63.04,Y,1/1/2012 0:00
1574120,64.71,Y,2/1/2012 0:00
1574120,62.88,Y,3/1/2012 0:00
1574120,125.48,Y,4/1/2012 0:00
1574120,192.18,Y,5/1/2012 0:00
1575144,65.12,N,7/1/2012 0:00
1575144,63.59,N,12/1/2012 0:00
1585036,149.61,N,2/1/2012 0:00
1585036,147.16,N,3/1/2012 0:00
1585036,181.96,N,4/1/2012 0:00
1585036,98.85,N,5/1/2012 0:00
1585036,80.16,N,6/1/2012 0:00
1585036,152.17,N,7/1/2012 0:00
1585036,0,N,9/1/2012 0:00
1585036,0,N,10/1/2012 0:00
1585036,162.09,N,11/1/2012 0:00
1585036,0,N,12/1/2012 0:00
1586984,71.84,N,5/1/2012 0:00
1586984,92.19,N,7/1/2012 0:00
1586984,92.86,N,8/1/2012 0:00
1586984,90.57,N,9/1/2012 0:00
1586984,86.5,N,10/1/2012 0:00
1586984,88.11,N,11/1/2012 0:00
1586984,85.31,N,12/1/2012 0:00
1808435,0,N,12/1/2012 0:00
1815953,157.73,Y,4/1/2012 0:00
1815953,68.66,Y,6/1/2012 0:00
1818973,35.64,N,5/1/2012 0:00
1819214,63.03,N,2/1/2012 0:00
1819214,63.05,N,12/1/2012 0:00
1819241,0,N,9/1/2012 0:00
1819241,147.07,N,10/1/2012 0:00
1819241,86.61,N,11/1/2012 0:00
1819241,87.29,N,12/1/2012 0:00
1819254,0,N,12/1/2012 0:00
1819259,0,N,9/1/2012 0:00
1819259,63.34,N,10/1/2012 0:00
1819259,190.26,N,11/1/2012 0:00
1819259,60.9,N,12/1/2012 0:00
1820163,185.79,N,12/1/2012 0:00
1825345,101.28,Y,4/1/2012 0:00
1825345,110.9,Y,6/1/2012 0:00
1825345,104.44,Y,7/1/2012 0:00
1740582,129.59,N,9/1/2012 0:00
1740582,0,N,10/1/2012 0:00
1740582,0,N,11/1/2012 0:00
1752149,201.5,N,1/1/2012 0:00
1752149,178.37,N,2/1/2012 0:00
1752149,116.92,N,3/1/2012 0:00
1752149,140.21,N,6/1/2012 0:00
1752149,0,N,9/1/2012 0:00
1752149,144.8,N,10/1/2012 0:00
1752149,0,N,11/1/2012 0:00
1752149,0,N,12/1/2012 0:00
1860009,72.08,N,5/1/2012 0:00
1860009,67.28,N,6/1/2012 0:00
1860009,77.49,N,7/1/2012 0:00
1860009,73.18,N,8/1/2012 0:00
1860009,0,N,9/1/2012 0:00
1860009,74.57,N,10/1/2012 0:00
1860009,0,N,11/1/2012 0:00
1861285,68.65,N,8/1/2012 0:00
1861285,81.27,N,9/1/2012 0:00
1861285,0,N,10/1/2012 0:00
1861285,0,N,11/1/2012 0:00
1861285,73.63,N,12/1/2012 0:00
1867826,75.93,Y,2/1/2012 0:00
1867826,76.33,Y,3/1/2012 0:00
1867826,83.27,Y,4/1/2012 0:00
1867826,73.04,Y,5/1/2012 0:00
1867826,71.32,Y,6/1/2012 0:00
1867826,70.49,Y,7/1/2012 0:00
1867826,68.27,Y,8/1/2012 0:00
1867826,67.33,Y,9/1/2012 0:00
1867826,0,Y,10/1/2012 0:00
1867826,67.35,Y,11/1/2012 0:00
1867826,69.02,Y,12/1/2012 0:00
1832580,40.45,Y,5/1/2012 0:00
1832580,36.53,Y,7/1/2012 0:00
1832580,36.49,Y,8/1/2012 0:00
1832580,207.97,Y,9/1/2012 0:00
1832580,0,Y,10/1/2012 0:00
1832580,0,Y,11/1/2012 0:00
1832580,212.4,Y,12/1/2012 0:00
1856393,74.58,N,1/1/2012 0:00
1856393,76.44,N,2/1/2012 0:00
1856393,62.88,N,3/1/2012 0:00
1856393,81.36,N,4/1/2012 0:00
1856393,86.57,N,5/1/2012 0:00
1856393,148.86,N,6/1/2012 0:00
1856393,208.31,N,7/1/2012 0:00
1856393,140.52,N,8/1/2012 0:00
1856393,77.04,N,9/1/2012 0:00
1856393,75.62,N,10/1/2012 0:00
1856393,73.72,N,11/1/2012 0:00
1856393,131.61,N,12/1/2012 0:00
1858620,66.17,Y,1/1/2012 0:00
1858620,152.15,Y,2/1/2012 0:00
1858620,223.75,Y,3/1/2012 0:00
1858620,156.47,Y,4/1/2012 0:00
1858620,67.94,Y,6/1/2012 0:00
1858620,68.84,Y,7/1/2012 0:00
1858620,126.06,Y,8/1/2012 0:00
1858620,64.28,Y,9/1/2012 0:00
1858620,65.87,Y,10/1/2012 0:00
1858620,65.49,Y,11/1/2012 0:00
1858620,0,Y,12/1/2012 0:00
1859168,64.11,N,1/1/2012 0:00
1859168,121.56,N,2/1/2012 0:00
1859168,65.36,N,5/1/2012 0:00
1859168,0,N,9/1/2012 0:00
1859168,67.61,N,10/1/2012 0:00
1859168,66.92,N,11/1/2012 0:00
1859168,66.32,N,12/1/2012 0:00
1904846,69.28,N,6/1/2012 0:00
1904846,102.13,N,7/1/2012 0:00
1904846,100,N,9/1/2012 0:00
1904846,96.65,N,10/1/2012 0:00
1904846,0,N,11/1/2012 0:00
1904846,0,N,12/1/2012 0:00
1905022,100.64,N,3/1/2012 0:00
1907412,70.44,Y,2/1/2012 0:00
1907412,75.71,Y,4/1/2012 0:00
1907412,80.76,Y,6/1/2012 0:00
1907412,0,Y,9/1/2012 0:00
1907412,72.11,Y,10/1/2012 0:00
1907412,0,Y,11/1/2012 0:00
1907412,75.69,Y,12/1/2012 0:00
1915754,218.58,N,1/1/2012 0:00
1915754,118.33,N,2/1/2012 0:00
1915754,115.46,N,4/1/2012 0:00
1915754,115.47,N,8/1/2012 0:00
1915754,0,N,9/1/2012 0:00
1915754,116.24,N,10/1/2012 0:00
1915754,107.16,N,11/1/2012 0:00
1915754,0,N,12/1/2012 0:00
1889093,0,N,9/1/2012 0:00
1889093,0,N,10/1/2012 0:00
1889093,65.06,N,11/1/2012 0:00
1889093,0,N,12/1/2012 0:00
1899382,204.28,Y,1/1/2012 0:00
1899382,180.82,Y,2/1/2012 0:00
1899382,136.9,Y,3/1/2012 0:00
1899382,165.95,Y,9/1/2012 0:00
1899382,167.4,Y,10/1/2012 0:00
1899382,154.9,Y,11/1/2012 0:00
1899382,148.66,Y,12/1/2012 0:00
1959877,81.28,Y,5/1/2012 0:00
1959899,31.65,Y,2/1/2012 0:00
1959899,62.66,Y,4/1/2012 0:00
1959899,33.33,Y,7/1/2012 0:00
1959899,64.1,Y,8/1/2012 0:00
1959899,69.35,Y,9/1/2012 0:00
1959899,72.46,Y,10/1/2012 0:00
1959899,69.86,Y,11/1/2012 0:00
1959899,69.47,Y,12/1/2012 0:00
1976446,128.91,Y,5/1/2012 0:00
1976446,82.5,Y,6/1/2012 0:00
1976446,49.56,Y,7/1/2012 0:00
1976446,139.68,Y,8/1/2012 0:00
1976446,0,Y,9/1/2012 0:00
1976446,0,Y,10/1/2012 0:00
1976446,136.99,Y,11/1/2012 0:00
1976446,0,Y,12/1/2012 0:00
1976574,62.69,N,12/1/2012 0:00
1984147,186.61,N,7/1/2012 0:00
1933871,79.83,Y,6/1/2012 0:00
1946634,107.74,N,1/1/2012 0:00
1948741,130.77,Y,6/1/2012 0:00
1948741,208.74,Y,8/1/2012 0:00
1948741,0,Y,9/1/2012 0:00
1948741,184.65,Y,10/1/2012 0:00
1948741,0,Y,11/1/2012 0:00
1948741,264.85,Y,12/1/2012 0:00
2017729,32.78,N,8/1/2012 0:00
2018113,64.31,Y,3/1/2012 0:00
2130974,70.09,N,1/1/2012 0:00
2130974,130.17,N,2/1/2012 0:00
2130974,351.69,N,3/1/2012 0:00
2130974,71.69,N,4/1/2012 0:00
2130974,75.99,N,5/1/2012 0:00
2130974,334.28,N,6/1/2012 0:00
2130974,73.73,N,7/1/2012 0:00
2130974,72.12,N,8/1/2012 0:00
2130974,347.14,N,9/1/2012 0:00
2130974,141.54,N,10/1/2012 0:00
2130974,65.44,N,11/1/2012 0:00
2130974,0,N,12/1/2012 0:00
2131145,65.57,N,7/1/2012 0:00
2131145,191.19,N,9/1/2012 0:00
2131145,0,N,10/1/2012 0:00
2131145,66.79,N,11/1/2012 0:00
2131145,92.73,N,12/1/2012 0:00
2131429,62.94,N,12/1/2012 0:00
2134641,33.08,Y,1/1/2012 0:00
2134641,33.29,Y,2/1/2012 0:00
2134641,195.44,Y,3/1/2012 0:00
2134641,180.05,Y,4/1/2012 0:00
2134641,204.47,Y,5/1/2012 0:00
2134641,70.14,Y,6/1/2012 0:00
2134641,67.59,Y,7/1/2012 0:00
2134641,252.48,Y,8/1/2012 0:00
2134641,66.21,Y,9/1/2012 0:00
2134641,66.44,Y,10/1/2012 0:00
2134641,0,Y,11/1/2012 0:00
2134641,65.34,Y,12/1/2012 0:00
2135411,0,N,9/1/2012 0:00
2135411,112.9,N,10/1/2012 0:00
2135411,0,N,11/1/2012 0:00
2135411,0,N,12/1/2012 0:00
1989979,69.2,N,3/1/2012 0:00
1989979,71.89,N,5/1/2012 0:00
1989979,57.42,N,6/1/2012 0:00
1991918,68.64,Y,6/1/2012 0:00
1991918,66.09,Y,8/1/2012 0:00
1994047,94.6,N,2/1/2012 0:00
1994047,92.72,N,7/1/2012 0:00
1995212,74.53,Y,1/1/2012 0:00
1995212,76.89,Y,2/1/2012 0:00
1995212,77.49,Y,3/1/2012 0:00
1995212,79.98,Y,4/1/2012 0:00
1995212,81.79,Y,5/1/2012 0:00
1995212,159.88,Y,6/1/2012 0:00
1995212,81.86,Y,7/1/2012 0:00
1995212,161.56,Y,8/1/2012 0:00
1995212,76.59,Y,9/1/2012 0:00
1995212,0,Y,10/1/2012 0:00
1995212,0,Y,11/1/2012 0:00
1999574,126.99,Y,1/1/2012 0:00
1999574,66.39,Y,8/1/2012 0:00
1999574,31.68,Y,9/1/2012 0:00
1999574,0,Y,10/1/2012 0:00
1999574,0,Y,11/1/2012 0:00
2000899,74.23,Y,1/1/2012 0:00
2000899,73.16,Y,2/1/2012 0:00
2000899,73.28,Y,3/1/2012 0:00
2000899,73.83,Y,5/1/2012 0:00
2000899,74.71,Y,6/1/2012 0:00
2000899,74.04,Y,7/1/2012 0:00
2000899,73.85,Y,8/1/2012 0:00
2000899,0,Y,9/1/2012 0:00
2000899,73.68,Y,10/1/2012 0:00
2000899,72.9,Y,11/1/2012 0:00
2000899,73.5,Y,12/1/2012 0:00
2004269,62.9,Y,1/1/2012 0:00
2004269,126.99,Y,2/1/2012 0:00
2004269,63.4,Y,3/1/2012 0:00
2004269,139.5,Y,4/1/2012 0:00
2004269,63.96,Y,5/1/2012 0:00
2004269,64.65,Y,6/1/2012 0:00
2004269,198.15,Y,7/1/2012 0:00
2004269,125.77,Y,8/1/2012 0:00
2004269,80.66,Y,9/1/2012 0:00
2004269,302.16,Y,10/1/2012 0:00
2004269,146.73,Y,11/1/2012 0:00
2004269,206.87,Y,12/1/2012 0:00
2202052,135.01,N,4/1/2012 0:00
2138897,295.96,Y,1/1/2012 0:00
2138897,240.85,Y,2/1/2012 0:00
2138897,70.24,Y,6/1/2012 0:00
2138897,36.4,Y,8/1/2012 0:00
2138897,104.71,Y,9/1/2012 0:00
2138897,66.95,Y,10/1/2012 0:00
2138897,132.29,Y,11/1/2012 0:00
2138897,209.18,Y,12/1/2012 0:00
2294964,0,N,9/1/2012 0:00
2294964,0,N,10/1/2012 0:00
2294964,106.1,N,11/1/2012 0:00
2294964,0,N,12/1/2012 0:00
2306184,73.02,Y,1/1/2012 0:00
2306184,72.91,Y,2/1/2012 0:00
2306184,124.02,Y,3/1/2012 0:00
2306184,199.88,Y,4/1/2012 0:00
2306184,63.96,Y,5/1/2012 0:00
2306184,82.08,Y,6/1/2012 0:00
2306184,143.4,Y,7/1/2012 0:00
2306184,79.97,Y,8/1/2012 0:00
2306184,75,Y,9/1/2012 0:00
2306184,75.35,Y,10/1/2012 0:00
2306184,72.42,Y,11/1/2012 0:00
2306184,0,Y,12/1/2012 0:00
2232127,62.69,N,1/1/2012 0:00
2232127,63.46,N,8/1/2012 0:00
2255471,74.36,N,7/1/2012 0:00
2446917,180.09,Y,1/1/2012 0:00
2455462,215.99,Y,1/1/2012 0:00
2455462,320.88,Y,2/1/2012 0:00
2455462,262.92,Y,3/1/2012 0:00
2455462,110.66,Y,4/1/2012 0:00
2455462,96.79,Y,5/1/2012 0:00
2455462,268.93,Y,6/1/2012 0:00
2455462,205.23,Y,7/1/2012 0:00
2455462,449.56,Y,8/1/2012 0:00
2455462,227.86,Y,9/1/2012 0:00
2455462,196.49,Y,10/1/2012 0:00
2455462,250.83,Y,11/1/2012 0:00
2455462,319.46,Y,12/1/2012 0:00
2456011,67.07,N,5/1/2012 0:00
2456011,65.63,N,8/1/2012 0:00
2462889,176.96,N,12/1/2012 0:00
2355361,128.13,N,1/1/2012 0:00
2355361,67.01,N,2/1/2012 0:00
2363216,66.25,Y,9/1/2012 0:00
2363216,0,Y,10/1/2012 0:00
2363216,0,Y,11/1/2012 0:00
2371693,0,N,9/1/2012 0:00
2371693,308.24,N,10/1/2012 0:00
2371693,0,N,11/1/2012 0:00
2371693,0,N,12/1/2012 0:00
2382771,127.02,N,1/1/2012 0:00
2382771,139.96,N,2/1/2012 0:00
2382771,69.15,N,3/1/2012 0:00
2382771,75.22,N,5/1/2012 0:00
2382771,76.15,N,6/1/2012 0:00
2382771,67.17,N,9/1/2012 0:00
2382771,0,N,10/1/2012 0:00
2382771,66.45,N,11/1/2012 0:00
2382771,0,N,12/1/2012 0:00
2386704,0,N,9/1/2012 0:00
2386704,76.06,N,10/1/2012 0:00
2386704,70.86,N,11/1/2012 0:00
2386704,181.5,N,12/1/2012 0:00
2392556,0,N,9/1/2012 0:00
2392556,0,N,10/1/2012 0:00
2392556,77.48,N,11/1/2012 0:00
2392556,0,N,12/1/2012 0:00
2393087,132.89,Y,4/1/2012 0:00
2393087,127.31,Y,5/1/2012 0:00
2393087,124.41,Y,12/1/2012 0:00
2398194,42.13,Y,3/1/2012 0:00
2398194,44.68,Y,4/1/2012 0:00
2398194,269.51,Y,5/1/2012 0:00
2398194,90.06,Y,6/1/2012 0:00
2398194,42.12,Y,8/1/2012 0:00
2398194,124.32,Y,9/1/2012 0:00
2398194,85.7,Y,10/1/2012 0:00
2398194,224.84,Y,11/1/2012 0:00
2398194,0,Y,12/1/2012 0:00
2400131,87.54,N,2/1/2012 0:00
2400131,64.62,N,3/1/2012 0:00
2400131,100.26,N,4/1/2012 0:00
2400131,93.45,N,7/1/2012 0:00
3550479,0,N,9/1/2012 0:00
3550479,66.87,N,10/1/2012 0:00
3550479,0,N,11/1/2012 0:00
3550479,0,N,12/1/2012 0:00
3676878,110.51,N,8/1/2012 0:00
3676878,0,N,9/1/2012 0:00
3676878,69.69,N,10/1/2012 0:00
3676878,0,N,11/1/2012 0:00
3676878,0,N,12/1/2012 0:00
3179872,117,N,1/1/2012 0:00
3223399,73.64,N,1/1/2012 0:00
3223399,76.69,N,2/1/2012 0:00
3223399,147.44,N,3/1/2012 0:00
3223399,77.55,N,5/1/2012 0:00
3223399,70.32,N,7/1/2012 0:00
3223399,66.45,N,9/1/2012 0:00
3223399,126.76,N,10/1/2012 0:00
3223399,125.4,N,11/1/2012 0:00
3223399,0,N,12/1/2012 0:00
3408450,84.51,N,1/1/2012 0:00
4412703,76.22,N,5/1/2012 0:00
4476333,377.94,N,9/1/2012 0:00
4476333,0,N,10/1/2012 0:00
4476333,65.01,N,11/1/2012 0:00
4476333,205.43,N,12/1/2012 0:00
4478204,180.18,N,2/1/2012 0:00
4493871,119.04,N,1/1/2012 0:00
4512194,51.49,Y,1/1/2012 0:00
4512194,69.35,Y,5/1/2012 0:00
4512194,191.21,Y,8/1/2012 0:00
4512194,88.38,Y,9/1/2012 0:00
4512194,95.23,Y,10/1/2012 0:00
4512194,81.72,Y,11/1/2012 0:00
4512194,149.37,Y,12/1/2012 0:00
D30040PUD,120,N,4/1/2012 0:00
D30040PUD,120,N,8/1/2012 0:00
D30046PUD,180,N,5/1/2012 0:00
D30060IM,180,N,1/1/2012 0:00
D30060IM,180,N,4/1/2012 0:00
D30060IM,180,N,7/1/2012 0:00
D30114PUD,60,N,7/1/2012 0:00
D30117FM,120,N,1/1/2012 0:00
D30117FM,120,N,3/1/2012 0:00
D30120IM,120,N,3/1/2012 0:00
D30120IM,180,N,5/1/2012 0:00
D30120IM,180,N,7/1/2012 0:00
D30165PUD,60,N,1/1/2012 0:00
D30165PUD,60,N,2/1/2012 0:00
D30165PUD,60,N,3/1/2012 0:00
D30165PUD,60,N,4/1/2012 0:00
D30263PCC,120,N,3/1/2012 0:00
D30263PCC,120,N,5/1/2012 0:00
D30263PCC,120,N,7/1/2012 0:00
D30311NRP,180,N,6/1/2012 0:00
D30322PUD,180,N,3/1/2012 0:00
D30322PUD,180,N,5/1/2012 0:00
D30363IM,120,N,3/1/2012 0:00
D30363IM,120,N,5/1/2012 0:00
D30363IM,120,N,7/1/2012 0:00
D30363IM,120,N,8/1/2012 0:00
9500465,63.39,N,1/1/2012 0:00
9500465,63.75,N,2/1/2012 0:00
9500465,0,N,9/1/2012 0:00
9500465,103.28,N,10/1/2012 0:00
9500465,0,N,11/1/2012 0:00
9830519,64.97,N,8/1/2012 0:00
9830519,119.88,N,9/1/2012 0:00
9830519,0,N,10/1/2012 0:00
9830519,0,N,11/1/2012 0:00
